Setting,F1
Full HKAN-GNN,0.9350301406563966
No-Gating Ablation,0.9344042838018741
No-URL Entity,0.931909212283044
Text-only (No GNN),0.1973738769868694
