Setting,F1
Full HKAN-GNN,0.9475119291070211
No-URL Entity,0.9427012278308322
No-Sender Entity,0.9470790378006873
Text-only (No GNN),0.9387755102040817
