,Model,F1 Mean,F1 Std,Recall Mean,Recall Std
0,HKAN-GNN,0.7455968883427797,0.10923381593356843,0.9521008403361344,0.040528253955588206
1,HMLP-GNN,0.8537509522819319,0.022760647830504518,0.9876750700280112,0.0016333198585000784
