Model,F1 Mean,F1 Std,Recall Mean,Recall Std,Acc Mean,Acc Std
HKAN-GNN,0.9541386590755186,0.003105375414885524,0.9672268907563024,0.0025976522396346418,0.9910063659758906,0.0006329850437788346
HMLP-GNN,0.9284265310892122,0.003990266047371935,0.9826330532212884,0.0014282967825190128,0.9853447108221591,0.0008794627160096445
