Setting,Phish F1-Score
Full HKAN-GNN,0.8692356285533797
No-URL Entity,0.774074074074074
No-Sender Entity,0.8420413122721749
Text-only (No GNN),0.8443367655966081
