Setting,Phish F1-Score
Full HKAN-GNN,0.8543689320388349
No-URL Entity,0.8489993935718617
No-Sender Entity,0.8672456575682382
Text-only (No GNN),0.8756281407035176
